source,target,type
iHussam,HussamHallak1,type1
iHussam,mohamed29259566,type1
iHussam,miloudkhammame,type1
iHussam,alloshasslan,type1
iHussam,shahzad80803670,type1
iHussam,buffalcabreured,type1
iHussam,atifsheikh78663,type1
iHussam,husseinachabani,type1
iHussam,mouaz_2012,type1
iHussam,mohzhran,type1
iHussam,so_love_kevin,type1
iHussam,didepolool,type1
iHussam,IkramDreamer,type1
iHussam,TizimiPress,type1
iHussam,adelmg8,type1
iHussam,Jenny867530911,type1
iHussam,Hassanalhellaly,type1
iHussam,mmb_badenjki,type1
iHussam,AbdallaMoody,type1
iHussam,REESEDASHOOTA,type1
iHussam,FreelancingSkul,type1
iHussam,amino_chinwi_,type1
iHussam,AhnoussHicham,type1
iHussam,CSSLight,type1
iHussam,stevevanleeuwen,type1
iHussam,power008,type1
iHussam,abu_aleppo,type1
iHussam,YassineMazal,type1
iHussam,langkawi2030,type1
iHussam,funcamrocks,type1
iHussam,Tidewaterns,type1
iHussam,9_willy,type1
iHussam,Smil1m,type1
iHussam,frooja2011,type1
iHussam,TheCoder1,type1
iHussam,majebry,type1
iHussam,mohawow,type1
iHussam,AbdelazizOuaiji,type1
iHussam,ro2yahcom,type1
iHussam,tarekfouad3,type1
iHussam,faisalhakem,type1
iHussam,EvaGregory,type1
atifsheikh78663,shahzad80803670,type1
didepolool,mohamed29259566,type1
IkramDreamer,iHussam,type1
IkramDreamer,mohzhran,type1
Jenny867530911,iHussam,type1
Jenny867530911,mohzhran,type1
REESEDASHOOTA,so_love_kevin,type1
power008,YassineMazal,type1
