node,group
iHussam,group1
HussamHallak1,group1
mohamed29259566,group1
miloudkhammame,group1
alloshasslan,group1
shahzad80803670,group1
buffalcabreured,group1
atifsheikh78663,group1
husseinachabani,group1
mouaz_2012,group1
mohzhran,group1
so_love_kevin,group1
didepolool,group1
IkramDreamer,group1
TizimiPress,group1
adelmg8,group1
Jenny867530911,group1
Hassanalhellaly,group1
mmb_badenjki,group1
AbdallaMoody,group1
REESEDASHOOTA,group1
FreelancingSkul,group1
amino_chinwi_,group1
AhnoussHicham,group1
CSSLight,group1
stevevanleeuwen,group1
power008,group1
abu_aleppo,group1
YassineMazal,group1
langkawi2030,group1
funcamrocks,group1
Tidewaterns,group1
9_willy,group1
Smil1m,group1
frooja2011,group1
TheCoder1,group1
majebry,group1
mohawow,group1
AbdelazizOuaiji,group1
ro2yahcom,group1
tarekfouad3,group1
faisalhakem,group1
EvaGregory,group1
